epoch,time,train/box_loss,train/seg_loss,train/cls_loss,train/dfl_loss,train/sem_loss,metrics/precision(B),metrics/recall(B),metrics/mAP50(B),metrics/mAP50-95(B),metrics/precision(M),metrics/recall(M),metrics/mAP50(M),metrics/mAP50-95(M),val/box_loss,val/seg_loss,val/cls_loss,val/dfl_loss,val/sem_loss,lr/pg0,lr/pg1,lr/pg2
1,14.5652,0.97907,2.99328,6.69252,0.00617,8.57374,0,0,0,0,0,0,0,0,0.9906,4.24314,4.0779,0.0079,0,0.00017,0.00017,0.08317
2,16.9357,0.88947,1.8062,4.29542,0.00536,5.7654,0,0,0,0,0,0,0,0,0.88415,11.8453,4.48619,0.00761,0,0.000349991,0.000349991,0.06535
3,19.3042,0.89801,1.63945,3.49191,0.00538,4.51935,0.004,0.00556,0.00464,0.00371,0,0,0,0,0.85739,8.98743,4.12348,0.00705,0,0.000529942,0.000529942,0.0475299
4,21.7358,0.82293,1.49523,3.01239,0.00489,3.92483,0.14769,0.22478,0.17325,0.1427,0.14618,0.21812,0.17168,0.13246,0.73464,2.60921,3.76688,0.00598,0,0.000709827,0.000709827,0.0297098
5,24.074,0.81284,1.50203,2.65801,0.005,3.58108,0.0581,0.52589,0.18864,0.15629,0.0534,0.48112,0.17908,0.15294,0.61027,1.81066,3.41677,0.00515,0,0.000889614,0.000889614,0.0118896
6,26.4419,0.86752,1.32789,2.47965,0.00473,3.38347,0.03632,0.96343,0.41817,0.3489,0.03548,0.94438,0.38725,0.33708,0.65069,1.72417,2.6356,0.00533,0,0.000999322,0.000999322,0.000999322
7,28.763,0.79472,1.24024,2.26221,0.00455,3.22502,0.69189,0.29593,0.47345,0.39662,0.6543,0.28165,0.44271,0.38978,0.65543,1.82965,2.17075,0.00549,0,0.000999023,0.000999023,0.000999023
8,31.155,0.7551,1.14691,2.08377,0.00451,3.07061,0.51671,0.50199,0.55314,0.48719,0.49929,0.48771,0.52485,0.4648,0.61152,1.28902,1.76086,0.00492,0,0.000998671,0.000998671,0.000998671
9,33.4435,0.78663,1.16411,2.06378,0.00498,2.97715,0.44339,0.49914,0.54184,0.47273,0.43896,0.49437,0.53133,0.47795,0.65842,1.24288,1.7999,0.00532,0,0.000998264,0.000998264,0.000998264
10,35.7746,0.73583,1.26745,1.9164,0.00418,2.86755,0.45271,0.58559,0.59888,0.51724,0.45528,0.58216,0.58259,0.50986,0.64471,1.42987,1.61193,0.00527,0,0.000997803,0.000997803,0.000997803
11,38.0897,0.76196,1.21092,1.85704,0.00449,2.78366,0.4289,0.72893,0.64462,0.54341,0.41114,0.70862,0.62165,0.53742,0.69119,1.29187,1.50049,0.0059,0,0.000997288,0.000997288,0.000997288
12,40.4614,0.67748,1.00939,1.68605,0.0038,2.61,0.57652,0.64179,0.69003,0.60958,0.56998,0.63242,0.67821,0.59455,0.63545,1.19904,1.3607,0.00566,0,0.00099672,0.00099672,0.00099672
13,42.7412,0.67109,0.96909,1.60368,0.00381,2.50094,0.54391,0.63351,0.68191,0.60678,0.53893,0.62686,0.67327,0.60219,0.58028,1.07426,1.39349,0.00487,0,0.000996097,0.000996097,0.000996097
14,45.0183,0.6376,0.94296,1.59839,0.00368,2.36919,0.52449,0.5949,0.67486,0.60043,0.51726,0.59089,0.67168,0.59037,0.54189,1.20139,1.49461,0.00435,0,0.00099542,0.00099542,0.00099542
15,47.4078,0.67908,0.96388,1.51304,0.00362,2.21765,0.58321,0.61453,0.68252,0.59789,0.61433,0.58621,0.68031,0.59952,0.62736,1.0524,1.3274,0.00525,0,0.00099469,0.00099469,0.00099469
16,49.7221,0.69073,1.11993,1.48329,0.00425,2.13348,0.53947,0.68547,0.73606,0.666,0.53951,0.68374,0.73268,0.65724,0.50445,1.02209,1.10155,0.0042,0,0.000993906,0.000993906,0.000993906
17,52.0384,0.66396,1.03676,1.36842,0.00379,2.00606,0.61645,0.72184,0.77689,0.70107,0.61306,0.71675,0.76677,0.68058,0.5506,1.30077,1.00487,0.00459,0,0.000993068,0.000993068,0.000993068
18,54.4427,0.61992,0.88124,1.25898,0.00342,1.93526,0.63438,0.72954,0.78316,0.69197,0.6237,0.72043,0.76979,0.69016,0.57563,0.95055,1.04228,0.00469,0,0.000992177,0.000992177,0.000992177
19,56.7749,0.62552,0.94379,1.28868,0.00359,1.84976,0.69236,0.75695,0.80687,0.72334,0.68563,0.74724,0.79758,0.71079,0.55559,0.88392,0.85293,0.00466,0,0.000991232,0.000991232,0.000991232
20,59.135,0.62572,0.90898,1.18079,0.0037,1.81232,0.66943,0.7211,0.81284,0.747,0.6639,0.71638,0.80643,0.72714,0.52747,0.81327,0.90317,0.00449,0,0.000990234,0.000990234,0.000990234
21,61.4555,0.62849,0.93319,1.17137,0.00358,1.71517,0.65913,0.7441,0.81165,0.72873,0.656,0.73934,0.80826,0.73197,0.56445,0.71477,0.91949,0.00475,0,0.000989183,0.000989183,0.000989183
22,63.8032,0.6121,0.91567,1.14101,0.00362,1.6198,0.70875,0.71986,0.83668,0.73337,0.70301,0.70667,0.83067,0.74328,0.59377,0.72423,0.87369,0.00486,0,0.000988079,0.000988079,0.000988079
23,66.1173,0.61672,0.86849,1.15371,0.00351,1.52004,0.6745,0.87299,0.86143,0.77935,0.66783,0.86253,0.85685,0.77306,0.47158,0.74017,0.75899,0.00383,0,0.000986922,0.000986922,0.000986922
24,68.4178,0.64493,0.92582,1.03546,0.00368,1.38724,0.70677,0.84561,0.84823,0.76924,0.7077,0.84506,0.84156,0.75439,0.4787,0.73675,0.80943,0.00382,0,0.000985711,0.000985711,0.000985711
25,70.7499,0.58647,0.92005,1.02794,0.00364,1.3067,0.69282,0.82919,0.83612,0.74093,0.70118,0.79132,0.82124,0.7314,0.62567,0.84917,0.82229,0.00526,0,0.000984449,0.000984449,0.000984449
26,73.0423,0.63396,0.87949,1.01305,0.00373,1.20338,0.71184,0.73673,0.81755,0.71393,0.70683,0.73227,0.81248,0.69487,0.67029,0.97101,0.8517,0.00578,0,0.000983133,0.000983133,0.000983133
27,75.3081,0.59684,0.84905,1.00592,0.0035,1.14789,0.74775,0.80613,0.85478,0.74933,0.74195,0.8023,0.84914,0.73012,0.63519,1.06043,0.7554,0.00542,0,0.000981765,0.000981765,0.000981765
28,77.6261,0.6023,0.85305,1.03573,0.00356,1.06185,0.74331,0.7461,0.80257,0.69585,0.74331,0.7461,0.79799,0.69713,0.58281,0.98463,0.93533,0.00483,0,0.000980345,0.000980345,0.000980345
29,79.9069,0.56771,0.85665,0.93355,0.00341,1.00123,0.69447,0.7836,0.80382,0.69586,0.69468,0.78285,0.8,0.69006,0.71089,0.96326,0.88375,0.00607,0,0.000978873,0.000978873,0.000978873
30,82.2017,0.58273,0.90101,0.94858,0.00344,0.92919,0.67968,0.82665,0.83864,0.73213,0.67606,0.82189,0.83335,0.72272,0.57695,1.25621,0.95058,0.00473,0,0.000977349,0.000977349,0.000977349
31,84.4834,0.56404,0.79105,0.92992,0.00315,0.8683,0.72927,0.73151,0.80888,0.7293,0.72541,0.72039,0.80423,0.7211,0.52537,0.99841,0.8541,0.00443,0,0.000975773,0.000975773,0.000975773
32,86.8668,0.54495,0.83417,0.90562,0.00327,0.79024,0.85162,0.69118,0.87679,0.79038,0.84624,0.68642,0.86676,0.78827,0.55138,0.8894,0.6959,0.00484,0,0.000974145,0.000974145,0.000974145
33,89.235,0.55742,0.75771,0.9218,0.00308,0.76753,0.73691,0.75693,0.82975,0.73519,0.73233,0.75217,0.81812,0.73754,0.58168,0.84893,0.78189,0.00489,0,0.000972466,0.000972466,0.000972466
34,91.5677,0.61661,0.85259,0.88574,0.00358,0.776,0.70429,0.78427,0.83516,0.73316,0.69112,0.77072,0.82398,0.72995,0.59475,0.83721,0.92002,0.00493,0,0.000970736,0.000970736,0.000970736
35,93.8942,0.55244,0.7706,0.90856,0.00364,0.63179,0.71805,0.82594,0.85043,0.76176,0.71419,0.82118,0.84321,0.74354,0.58842,0.82715,0.763,0.00507,0,0.000968955,0.000968955,0.000968955
36,96.1695,0.58058,0.8348,0.81957,0.00341,0.55393,0.73341,0.81245,0.8273,0.72397,0.71316,0.81886,0.82106,0.72454,0.62353,0.82176,1.03073,0.00539,0,0.000967122,0.000967122,0.000967122
37,98.5238,0.57711,0.92644,0.87331,0.00326,0.51706,0.74985,0.77732,0.82139,0.72211,0.77019,0.77319,0.81402,0.71782,0.61237,0.96634,0.96515,0.00522,0,0.000965239,0.000965239,0.000965239
38,100.891,0.63298,0.8987,0.81788,0.00421,0.47137,0.79255,0.78666,0.82242,0.73528,0.79255,0.78666,0.81941,0.72467,0.55574,1.40378,0.8413,0.0048,0,0.000963306,0.000963306,0.000963306
39,103.223,0.58652,0.81099,0.79594,0.00353,0.47062,0.77891,0.81469,0.86852,0.77145,0.77891,0.81469,0.86488,0.75891,0.52923,1.57668,0.80871,0.00423,0,0.000961322,0.000961322,0.000961322
40,105.586,0.57592,0.81721,0.80015,0.00344,0.47219,0.72565,0.85966,0.8712,0.787,0.72177,0.8549,0.86729,0.75163,0.47085,1.37928,0.76853,0.00377,0,0.000959289,0.000959289,0.000959289
41,107.882,0.55705,0.8099,0.76706,0.00352,0.42589,0.80142,0.77985,0.8545,0.77286,0.79688,0.77549,0.84515,0.76095,0.47098,1.183,0.73456,0.00383,0,0.000957205,0.000957205,0.000957205
42,110.378,0.56942,0.75499,0.74567,0.00328,0.44289,0.7502,0.79709,0.85092,0.75469,0.74475,0.79233,0.84326,0.74378,0.51121,1.10279,0.70685,0.00425,0,0.000955072,0.000955072,0.000955072
43,112.846,0.56371,0.83395,0.75069,0.00323,0.38787,0.77557,0.7997,0.87847,0.77775,0.77335,0.79431,0.87271,0.77993,0.53263,1.03679,0.73081,0.00456,0,0.000952889,0.000952889,0.000952889
44,115.28,0.58628,0.84695,0.75724,0.00343,0.38568,0.74521,0.79287,0.8562,0.77291,0.78096,0.76496,0.85679,0.76865,0.48265,0.96427,0.71707,0.00404,0,0.000950658,0.000950658,0.000950658
45,117.632,0.58137,0.86763,0.74452,0.0034,0.3789,0.68101,0.80905,0.84077,0.74679,0.68874,0.80728,0.84195,0.75447,0.49531,1.05181,0.69243,0.00396,0,0.000948377,0.000948377,0.000948377
46,120.133,0.56057,0.82359,0.75019,0.00342,0.42426,0.74358,0.77377,0.84008,0.76535,0.74358,0.77377,0.8409,0.74394,0.45263,1.06875,0.68126,0.00374,0,0.000946048,0.000946048,0.000946048
47,122.525,0.55592,0.79144,0.75461,0.00327,0.35349,0.71182,0.78825,0.86305,0.7637,0.71126,0.78971,0.86169,0.76313,0.5731,1.05559,0.9312,0.00474,0,0.000943671,0.000943671,0.000943671
48,124.978,0.56075,0.73083,0.74452,0.00334,0.38646,0.77938,0.79318,0.90824,0.81417,0.77938,0.79318,0.90545,0.80365,0.51241,0.87822,0.79187,0.00416,0,0.000941245,0.000941245,0.000941245
49,127.402,0.54472,0.79486,0.69985,0.00355,0.38619,0.85589,0.75032,0.88355,0.7926,0.85589,0.75032,0.87821,0.78264,0.50094,0.78146,0.78401,0.00401,0,0.000938772,0.000938772,0.000938772
50,129.865,0.57618,0.81113,0.74195,0.00315,0.37306,0.7626,0.78342,0.86885,0.79728,0.7626,0.78342,0.8687,0.76936,0.46931,1.02826,0.83055,0.0039,0,0.000936251,0.000936251,0.000936251
51,132.24,0.56946,0.81071,0.711,0.00351,0.41219,0.7904,0.80584,0.86806,0.79949,0.7904,0.80584,0.86779,0.76623,0.47151,1.08768,0.6332,0.00385,0,0.000933683,0.000933683,0.000933683
52,134.693,0.5671,0.76565,0.68284,0.0031,0.38621,0.77345,0.83322,0.87888,0.80085,0.77345,0.83322,0.87823,0.7749,0.46886,0.95893,0.67393,0.00377,0,0.000931067,0.000931067,0.000931067
53,137.266,0.54846,0.7436,0.70801,0.00311,0.38163,0.74262,0.86469,0.87626,0.80728,0.74262,0.86469,0.87489,0.77729,0.46588,0.92639,0.57751,0.00377,0,0.000928405,0.000928405,0.000928405
54,139.713,0.55603,0.78252,0.72604,0.00334,0.34853,0.74105,0.87074,0.88314,0.79846,0.74105,0.87074,0.88314,0.78054,0.52138,1.02602,0.71853,0.00444,0,0.000925697,0.000925697,0.000925697
55,142.171,0.51907,0.69944,0.69526,0.00302,0.34674,0.76568,0.87874,0.89433,0.81306,0.76568,0.87874,0.89433,0.78803,0.50839,1.23269,0.77792,0.00425,0,0.000922942,0.000922942,0.000922942
56,144.58,0.51662,0.84608,0.67541,0.00312,0.34656,0.85078,0.81537,0.89704,0.80355,0.85078,0.81537,0.89687,0.77674,0.5502,1.4138,0.72039,0.00458,0,0.000920142,0.000920142,0.000920142
57,147.073,0.54266,0.78507,0.70188,0.00309,0.33598,0.78154,0.83737,0.87342,0.77608,0.78154,0.83737,0.872,0.7579,0.68101,1.31489,0.6032,0.00587,0,0.000917296,0.000917296,0.000917296
58,149.524,0.51594,0.761,0.64238,0.00293,0.34489,0.86057,0.80786,0.90112,0.80405,0.86057,0.80786,0.89787,0.79624,0.68429,1.19812,0.55046,0.00585,0,0.000914405,0.000914405,0.000914405
59,151.945,0.53111,0.79411,0.64295,0.0031,0.36744,0.77851,0.84061,0.89363,0.80811,0.82485,0.78895,0.89008,0.7921,0.62038,1.11927,0.56371,0.00524,0,0.000911469,0.000911469,0.000911469
60,154.423,0.55718,0.80558,0.66037,0.00332,0.33181,0.87167,0.78166,0.88697,0.79374,0.87167,0.78166,0.88519,0.78343,0.55119,0.89426,0.82116,0.00454,0,0.000908488,0.000908488,0.000908488
61,156.826,0.54335,0.72047,0.65973,0.00304,0.34893,0.83498,0.80879,0.88776,0.814,0.83498,0.80879,0.8856,0.78548,0.52349,0.79553,0.73867,0.00437,0,0.000905463,0.000905463,0.000905463
62,159.232,0.50275,0.74651,0.60714,0.00297,0.28471,0.82424,0.81991,0.90599,0.82401,0.81831,0.81547,0.9019,0.80398,0.48894,0.8279,0.60445,0.00407,0,0.000902395,0.000902395,0.000902395
63,161.648,0.51721,0.67406,0.61411,0.00305,0.31443,0.87836,0.78936,0.90621,0.82521,0.87795,0.78184,0.90219,0.78786,0.50279,1.00146,0.59102,0.00412,0,0.000899282,0.000899282,0.000899282
64,164.13,0.51948,0.76906,0.60787,0.00291,0.32133,0.82705,0.8451,0.90408,0.81717,0.82705,0.8451,0.90157,0.78302,0.508,1.24667,0.56176,0.00424,0,0.000896127,0.000896127,0.000896127
65,166.571,0.56806,0.88903,0.61314,0.00325,0.31501,0.79525,0.81046,0.87816,0.80726,0.78508,0.80198,0.86846,0.76735,0.45759,1.46706,0.65119,0.00379,0,0.000892928,0.000892928,0.000892928
66,168.968,0.5359,0.74124,0.63743,0.00323,0.28538,0.82075,0.78182,0.88216,0.7828,0.81506,0.7775,0.87474,0.77603,0.53528,1.37889,0.70063,0.00437,0,0.000889687,0.000889687,0.000889687
67,171.439,0.49092,0.6735,0.61532,0.00285,0.28826,0.80892,0.84415,0.90695,0.81425,0.80391,0.83821,0.89883,0.80127,0.48959,1.07892,0.66687,0.00405,0,0.000886404,0.000886404,0.000886404
68,173.903,0.52397,0.83976,0.62656,0.00307,0.36564,0.87049,0.82763,0.92268,0.83506,0.87049,0.82763,0.92107,0.83227,0.47221,0.92558,0.5941,0.00381,0,0.000883079,0.000883079,0.000883079
69,176.374,0.54091,0.68743,0.61836,0.00326,0.26659,0.85686,0.84971,0.92413,0.84013,0.85686,0.84971,0.92223,0.83435,0.44911,0.83813,0.53653,0.00357,0,0.000879713,0.000879713,0.000879713
70,178.8,0.46893,0.66829,0.60415,0.00277,0.31542,0.85107,0.80999,0.9188,0.85217,0.85107,0.80999,0.91756,0.83148,0.41388,0.66689,0.49222,0.0033,0,0.000876305,0.000876305,0.000876305
71,181.299,0.50584,0.7543,0.60112,0.00327,0.30377,0.88559,0.80596,0.9189,0.8416,0.88559,0.80596,0.91881,0.83741,0.4505,0.61715,0.5017,0.00378,0,0.000872857,0.000872857,0.000872857
72,183.805,0.50077,0.64669,0.56696,0.00284,0.26524,0.82833,0.85557,0.91027,0.83882,0.82833,0.85557,0.90997,0.82268,0.43282,0.67923,0.63956,0.00356,0,0.000869368,0.000869368,0.000869368
73,186.229,0.53042,0.73274,0.62857,0.00308,0.27123,0.91128,0.78936,0.92387,0.85722,0.91128,0.78936,0.9231,0.82207,0.4464,0.90253,0.57794,0.00361,0,0.000865839,0.000865839,0.000865839
74,188.745,0.4874,0.81088,0.58934,0.00279,0.2802,0.80171,0.87484,0.91337,0.83887,0.79369,0.8638,0.90735,0.81273,0.49592,1.01852,0.61356,0.00414,0,0.000862271,0.000862271,0.000862271
75,191.168,0.50551,0.72905,0.62942,0.00283,0.32041,0.78405,0.84351,0.89788,0.83238,0.77544,0.83436,0.89221,0.80898,0.42569,0.9311,0.66092,0.00351,0,0.000858664,0.000858664,0.000858664
76,193.587,0.50978,0.70696,0.55835,0.00297,0.23806,0.79108,0.84984,0.91309,0.85046,0.78881,0.84455,0.90942,0.82978,0.39714,0.86137,0.67018,0.00321,0,0.000855018,0.000855018,0.000855018
77,196.025,0.51972,0.80059,0.62017,0.00303,0.31053,0.87212,0.82093,0.92953,0.84376,0.87212,0.82093,0.9289,0.8343,0.43884,0.81359,0.68529,0.00355,0,0.000851333,0.000851333,0.000851333
78,198.483,0.48254,0.75923,0.56184,0.0029,0.26078,0.86272,0.76341,0.90774,0.85039,0.86272,0.76341,0.90453,0.80724,0.39281,0.85035,0.71683,0.00322,0,0.000847611,0.000847611,0.000847611
79,200.879,0.50196,0.72734,0.53419,0.00288,0.256,0.83817,0.79076,0.9074,0.83882,0.84099,0.77578,0.90458,0.81389,0.436,0.96902,0.65526,0.00361,0,0.000843851,0.000843851,0.000843851
80,203.274,0.49164,0.75792,0.56854,0.00293,0.25199,0.8684,0.83596,0.91167,0.8501,0.86348,0.83179,0.90882,0.81504,0.40645,1.01834,0.56297,0.00345,0,0.000840054,0.000840054,0.000840054
81,205.723,0.4874,0.66169,0.54205,0.00277,0.25733,0.83912,0.83727,0.88897,0.81731,0.83561,0.8386,0.88579,0.79081,0.46801,1.18804,0.53619,0.00388,0,0.00083622,0.00083622,0.00083622
82,208.141,0.51414,0.81689,0.55296,0.00312,0.2418,0.84428,0.83832,0.88541,0.81297,0.83879,0.83356,0.87991,0.78745,0.44995,1.48926,0.58945,0.00372,0,0.000832349,0.000832349,0.000832349
83,210.542,0.50286,0.66077,0.53444,0.00285,0.24476,0.83672,0.82423,0.89974,0.82415,0.83672,0.82423,0.89677,0.80663,0.47995,1.63336,0.60473,0.00401,0,0.000828443,0.000828443,0.000828443
84,212.928,0.50004,0.67881,0.55356,0.00275,0.24121,0.84173,0.81663,0.89816,0.83656,0.84173,0.81663,0.89813,0.80735,0.44356,1.44492,0.57935,0.00371,0,0.000824502,0.000824502,0.000824502
85,215.359,0.48859,0.68147,0.57627,0.00306,0.28405,0.82347,0.82798,0.90753,0.83578,0.82347,0.82798,0.90796,0.82375,0.47051,1.05956,0.55676,0.00381,0,0.000820525,0.000820525,0.000820525
86,217.839,0.53064,0.80254,0.54804,0.00302,0.25019,0.85529,0.83393,0.92011,0.83504,0.8551,0.81973,0.91395,0.82942,0.50338,0.90031,0.60815,0.00413,0,0.000816514,0.000816514,0.000816514
87,220.335,0.51857,0.76315,0.57819,0.00311,0.25151,0.87929,0.81298,0.93096,0.83239,0.87748,0.80909,0.93082,0.83507,0.57205,1.29233,0.67403,0.00504,0,0.000812468,0.000812468,0.000812468
88,222.786,0.49011,0.66195,0.55237,0.00286,0.27385,0.84191,0.82221,0.92167,0.8111,0.83751,0.81745,0.91781,0.81518,0.5651,1.34015,0.79947,0.00483,0,0.000808389,0.000808389,0.000808389
89,225.198,0.52731,0.70283,0.57431,0.00283,0.26337,0.86716,0.81604,0.93399,0.84057,0.8689,0.81395,0.92962,0.84201,0.50331,0.97025,0.55871,0.00412,0,0.000804277,0.000804277,0.000804277
90,227.59,0.53166,0.66849,0.56588,0.00297,0.26948,0.85128,0.84476,0.92073,0.82799,0.85128,0.84476,0.91823,0.84023,0.47613,0.70569,0.50953,0.0039,0,0.000800131,0.000800131,0.000800131
91,229.979,0.51874,0.72562,0.56185,0.003,0.28015,0.89706,0.86737,0.93636,0.85077,0.89706,0.86737,0.93396,0.84731,0.48623,0.71203,0.46818,0.00407,0,0.000795954,0.000795954,0.000795954
92,232.449,0.49712,0.68954,0.55685,0.00288,0.2465,0.8787,0.85235,0.92337,0.84262,0.8787,0.85235,0.92337,0.83567,0.46423,0.67958,0.46533,0.00391,0,0.000791744,0.000791744,0.000791744
93,234.846,0.47888,0.68183,0.52601,0.00281,0.19452,0.90986,0.81805,0.92752,0.8544,0.90986,0.81805,0.92752,0.82812,0.4967,0.64205,0.46532,0.00429,0,0.000787503,0.000787503,0.000787503
94,237.258,0.46718,0.64247,0.55381,0.00256,0.24591,0.87488,0.89749,0.94492,0.86402,0.87488,0.89749,0.94492,0.85061,0.51315,0.6586,0.49169,0.00439,0,0.000783231,0.000783231,0.000783231
95,239.666,0.4986,0.60388,0.51204,0.00271,0.24215,0.91781,0.85162,0.94541,0.87534,0.91239,0.84702,0.94012,0.84957,0.49568,0.67301,0.51026,0.00428,0,0.000778929,0.000778929,0.000778929
96,242.132,0.48728,0.69811,0.52127,0.00281,0.23941,0.89895,0.88266,0.94956,0.87416,0.89419,0.8781,0.94449,0.84737,0.5146,0.70838,0.47079,0.00446,0,0.000774596,0.000774596,0.000774596
97,244.522,0.4668,0.60141,0.50522,0.00253,0.23736,0.9271,0.83681,0.94026,0.8641,0.9271,0.83681,0.94026,0.83614,0.48708,0.7275,0.47986,0.00414,0,0.000770234,0.000770234,0.000770234
98,246.922,0.47708,0.62089,0.51083,0.00272,0.23648,0.93517,0.81382,0.94061,0.85,0.93517,0.81382,0.94061,0.851,0.5172,0.82754,0.47511,0.0043,0,0.000765843,0.000765843,0.000765843
99,249.382,0.48684,0.62417,0.48721,0.00278,0.1997,0.88551,0.84919,0.93924,0.87333,0.88551,0.84919,0.93924,0.851,0.47824,0.84648,0.44672,0.00398,0,0.000761423,0.000761423,0.000761423
100,251.85,0.45216,0.60369,0.49447,0.00247,0.23555,0.93579,0.81709,0.93427,0.86457,0.93579,0.81709,0.93427,0.85317,0.48208,0.82071,0.46776,0.00411,0,0.000756976,0.000756976,0.000756976
101,254.312,0.47324,0.71745,0.55249,0.00275,0.28081,0.91631,0.83646,0.93724,0.86277,0.91631,0.83646,0.93724,0.86255,0.49846,0.7656,0.54221,0.00434,0,0.0007525,0.0007525,0.0007525
102,256.83,0.49391,0.78841,0.51906,0.00296,0.2732,0.95037,0.83899,0.94137,0.85833,0.95037,0.83899,0.94137,0.85442,0.49854,0.77445,0.54189,0.00424,0,0.000747997,0.000747997,0.000747997
103,259.238,0.46539,0.6498,0.50143,0.00266,0.21405,0.91751,0.86957,0.94007,0.85138,0.91751,0.86957,0.94007,0.85448,0.50401,0.84878,0.5339,0.00426,0,0.000743468,0.000743468,0.000743468
104,261.675,0.47714,0.63294,0.51068,0.00283,0.25804,0.91231,0.89592,0.94365,0.85739,0.91231,0.89592,0.94365,0.83585,0.52287,0.92755,0.44465,0.00444,0,0.000738913,0.000738913,0.000738913
105,264.142,0.47365,0.64984,0.46961,0.00275,0.20125,0.94829,0.88103,0.94398,0.87859,0.94829,0.88103,0.94398,0.84936,0.45502,0.9851,0.38729,0.00394,0,0.000734332,0.000734332,0.000734332
106,266.672,0.4341,0.60919,0.48469,0.00266,0.22012,0.89345,0.87498,0.9355,0.86923,0.89345,0.87498,0.9355,0.84545,0.43224,1.02616,0.42922,0.00366,0,0.000729725,0.000729725,0.000729725
107,269.086,0.42902,0.61543,0.48592,0.00242,0.24362,0.8126,0.91409,0.93273,0.86748,0.8126,0.91409,0.93273,0.85525,0.42557,0.87865,0.4567,0.0036,0,0.000725094,0.000725094,0.000725094
108,271.489,0.44725,0.6339,0.47608,0.00257,0.19398,0.83326,0.85658,0.91733,0.8545,0.83326,0.85658,0.91733,0.83788,0.42251,0.83658,0.59548,0.00364,0,0.000720439,0.000720439,0.000720439
109,273.896,0.46046,0.60985,0.4989,0.00283,0.24641,0.89157,0.82931,0.94497,0.86642,0.89157,0.82931,0.94497,0.86504,0.48538,0.79222,0.53656,0.00422,0,0.000715761,0.000715761,0.000715761
110,276.394,0.45384,0.69541,0.44946,0.00255,0.23398,0.84567,0.90335,0.95194,0.88326,0.84567,0.90335,0.95326,0.8734,0.42063,0.92121,0.38661,0.00353,0,0.000711059,0.000711059,0.000711059
111,278.813,0.44967,0.62972,0.50589,0.00247,0.21494,0.90135,0.88288,0.9615,0.89527,0.89692,0.87812,0.96185,0.87833,0.40663,0.91931,0.38863,0.00335,0,0.000706335,0.000706335,0.000706335
112,281.217,0.44415,0.6438,0.45877,0.00265,0.21727,0.89337,0.8804,0.95535,0.9001,0.89692,0.8855,0.95696,0.8858,0.37866,0.84259,0.40539,0.0032,0,0.000701588,0.000701588,0.000701588
113,283.679,0.44341,0.58077,0.44872,0.00254,0.22482,0.91936,0.84554,0.95251,0.8874,0.91529,0.84078,0.94837,0.86994,0.41637,0.8002,0.36738,0.0035,0,0.00069682,0.00069682,0.00069682
114,286.089,0.43992,0.66133,0.45252,0.00262,0.18704,0.95565,0.81712,0.94879,0.8778,0.95565,0.81712,0.94879,0.87285,0.44052,1.01004,0.46287,0.00364,0,0.000692031,0.000692031,0.000692031
115,288.495,0.46506,0.64122,0.50996,0.00271,0.25047,0.85764,0.8534,0.94495,0.88765,0.85764,0.8534,0.94495,0.85565,0.40375,1.17016,0.56139,0.00342,0,0.000687222,0.000687222,0.000687222
116,290.905,0.43948,0.69401,0.43006,0.00256,0.19667,0.87991,0.85871,0.94541,0.88138,0.87991,0.85871,0.94541,0.86485,0.41438,1.11745,0.55502,0.00353,0,0.000682392,0.000682392,0.000682392
117,293.34,0.44804,0.62933,0.4476,0.00277,0.19989,0.91079,0.85313,0.95461,0.88965,0.91079,0.85313,0.95461,0.87445,0.44731,1.12504,0.49571,0.00383,0,0.000677543,0.000677543,0.000677543
118,295.735,0.44655,0.66679,0.46045,0.00275,0.22102,0.93876,0.83746,0.9572,0.88266,0.93876,0.83746,0.9572,0.86916,0.43948,1.16039,0.4068,0.00354,0,0.000672675,0.000672675,0.000672675
119,298.133,0.43047,0.60176,0.42213,0.00274,0.16472,0.91816,0.88226,0.95623,0.90296,0.91816,0.88226,0.95623,0.87152,0.36788,1.06007,0.32685,0.00296,0,0.000667789,0.000667789,0.000667789
120,300.526,0.45701,0.64121,0.46419,0.00249,0.22103,0.91785,0.88613,0.95669,0.90371,0.91785,0.88613,0.95669,0.87961,0.36968,0.91679,0.3337,0.00302,0,0.000662885,0.000662885,0.000662885
121,302.967,0.41531,0.59922,0.41844,0.0025,0.18665,0.93235,0.86233,0.95746,0.90042,0.93235,0.86233,0.95726,0.87477,0.35579,0.90643,0.34418,0.00292,0,0.000657963,0.000657963,0.000657963
122,305.391,0.45128,0.55318,0.43607,0.00262,0.193,0.89519,0.89289,0.95187,0.88923,0.89819,0.88799,0.95137,0.86608,0.3997,0.88084,0.35796,0.00334,0,0.000653025,0.000653025,0.000653025
123,307.777,0.44794,0.62746,0.46294,0.00253,0.20291,0.90075,0.88402,0.95788,0.88626,0.89845,0.88747,0.95743,0.8723,0.39704,1.02495,0.33641,0.00328,0,0.000648071,0.000648071,0.000648071
124,310.237,0.42161,0.61485,0.45432,0.00241,0.21516,0.86936,0.87985,0.94995,0.88506,0.86936,0.87985,0.94995,0.85734,0.39551,1.09725,0.35955,0.00329,0,0.000643101,0.000643101,0.000643101
125,312.623,0.46794,0.71054,0.4538,0.00267,0.20425,0.86369,0.89787,0.94544,0.867,0.86369,0.89787,0.94544,0.84939,0.42389,1.21396,0.38982,0.00351,0,0.000638115,0.000638115,0.000638115
126,315.1,0.39018,0.5273,0.41761,0.00223,0.16678,0.88762,0.90718,0.93385,0.85629,0.88762,0.90718,0.93385,0.83543,0.40292,1.17184,0.38551,0.0033,0,0.000633115,0.000633115,0.000633115
127,317.599,0.44949,0.58904,0.45571,0.00255,0.22762,0.90885,0.8742,0.93199,0.86132,0.90885,0.8742,0.93199,0.83552,0.40677,1.18108,0.41785,0.00338,0,0.000628101,0.000628101,0.000628101
128,319.975,0.43887,0.59558,0.45561,0.00257,0.23909,0.89237,0.9059,0.9298,0.85014,0.89237,0.9059,0.92865,0.83072,0.44251,1.28735,0.45437,0.00379,0,0.000623074,0.000623074,0.000623074
129,322.35,0.4357,0.60557,0.41439,0.00253,0.21287,0.89214,0.89049,0.93523,0.86811,0.89214,0.89049,0.93523,0.83623,0.4144,1.13057,0.40504,0.00355,0,0.000618034,0.000618034,0.000618034
130,324.765,0.40874,0.56942,0.44587,0.0024,0.21027,0.86727,0.89027,0.92485,0.87253,0.86256,0.88551,0.91944,0.83134,0.35975,0.76284,0.39569,0.00295,0,0.000612981,0.000612981,0.000612981
131,327.207,0.41428,0.58354,0.41546,0.0024,0.18263,0.85995,0.891,0.92605,0.86624,0.85995,0.891,0.92605,0.84838,0.38839,0.67447,0.48208,0.00313,0,0.000607916,0.000607916,0.000607916
132,329.591,0.41707,0.60584,0.39048,0.00228,0.16203,0.86944,0.90467,0.92387,0.86786,0.86944,0.90467,0.92387,0.84324,0.37442,0.66848,0.51975,0.00307,0,0.00060284,0.00060284,0.00060284
133,331.904,0.41611,0.55405,0.42534,0.00237,0.21681,0.85999,0.89971,0.92325,0.86441,0.85999,0.89971,0.92325,0.83841,0.36839,0.60697,0.48794,0.00304,0,0.000597754,0.000597754,0.000597754
134,334.281,0.42471,0.65858,0.40481,0.0025,0.16789,0.856,0.89294,0.93023,0.86223,0.856,0.89294,0.93023,0.8556,0.40837,0.6726,0.54661,0.00342,0,0.000592657,0.000592657,0.000592657
135,336.651,0.41454,0.63159,0.44457,0.00246,0.20636,0.84341,0.88172,0.9193,0.85373,0.84341,0.88172,0.9193,0.83912,0.4007,0.75825,0.61175,0.00333,0,0.000587551,0.000587551,0.000587551
136,339.022,0.40098,0.60749,0.42019,0.00219,0.19981,0.86069,0.85727,0.9231,0.8639,0.86069,0.85727,0.9231,0.84781,0.39322,0.79783,0.60289,0.00321,0,0.000582435,0.000582435,0.000582435
137,341.441,0.40666,0.57261,0.41653,0.00244,0.17637,0.88361,0.8706,0.92864,0.86692,0.88361,0.8706,0.92864,0.8485,0.39877,0.87689,0.62123,0.00323,0,0.000577311,0.000577311,0.000577311
138,343.893,0.42031,0.5896,0.39752,0.00255,0.15739,0.87034,0.86414,0.92308,0.85005,0.87034,0.86414,0.92308,0.84796,0.41154,0.85581,0.70193,0.00331,0,0.000572179,0.000572179,0.000572179
139,346.195,0.42136,0.6044,0.38843,0.00241,0.19692,0.8922,0.83277,0.92276,0.85656,0.88197,0.82324,0.91851,0.84537,0.40505,0.74901,0.65899,0.00329,0,0.00056704,0.00056704,0.00056704
140,348.51,0.4121,0.55896,0.39476,0.00239,0.18717,0.84508,0.84354,0.91559,0.864,0.86771,0.81975,0.91165,0.82906,0.39675,0.66393,0.7123,0.00325,0,0.000561894,0.000561894,0.000561894
141,350.837,0.44565,0.57569,0.42659,0.00252,0.2131,0.81362,0.90633,0.91166,0.85284,0.82843,0.86612,0.91037,0.83192,0.41191,0.67022,0.73203,0.00348,0,0.000556742,0.000556742,0.000556742
142,353.264,0.44279,0.5938,0.40566,0.0026,0.20628,0.88539,0.85638,0.92119,0.8443,0.88016,0.85162,0.91913,0.84377,0.45095,0.71326,0.49163,0.00364,0,0.000551584,0.000551584,0.000551584
143,355.646,0.43198,0.55404,0.38443,0.00244,0.15949,0.84767,0.8728,0.91831,0.85674,0.84286,0.86804,0.91627,0.83042,0.46246,0.75726,0.47132,0.00388,0,0.000546421,0.000546421,0.000546421
144,358.054,0.41742,0.57656,0.39546,0.00255,0.15146,0.86291,0.85898,0.91389,0.85275,0.86291,0.85898,0.91389,0.82738,0.458,0.77006,0.47917,0.0039,0,0.000541253,0.000541253,0.000541253
145,360.54,0.40602,0.59775,0.39254,0.00233,0.17303,0.85653,0.8748,0.92575,0.86188,0.85653,0.8748,0.92575,0.83704,0.45409,0.77361,0.47017,0.00385,0,0.000536081,0.000536081,0.000536081
146,363.022,0.44013,0.63387,0.41614,0.0026,0.20676,0.85826,0.89792,0.94213,0.86239,0.85826,0.89792,0.94213,0.85503,0.49377,0.80509,0.44526,0.00412,0,0.000530906,0.000530906,0.000530906
147,365.467,0.48109,0.76428,0.47454,0.00303,0.20275,0.92192,0.86478,0.94719,0.86341,0.92192,0.86478,0.94719,0.8675,0.50934,0.84611,0.43835,0.00428,0,0.000525728,0.000525728,0.000525728
148,367.958,0.40749,0.54155,0.38368,0.00244,0.18772,0.92351,0.88187,0.95303,0.89707,0.91866,0.87711,0.94598,0.86047,0.43885,0.91653,0.38274,0.00368,0,0.000520548,0.000520548,0.000520548
149,370.505,0.43876,0.66654,0.40052,0.00257,0.1962,0.90358,0.87245,0.94749,0.89179,0.89887,0.86769,0.94077,0.8488,0.42071,1.20575,0.43608,0.00348,0,0.000515366,0.000515366,0.000515366
150,372.873,0.41264,0.62495,0.40604,0.00244,0.19885,0.92136,0.85024,0.94862,0.87456,0.91595,0.84569,0.94244,0.85721,0.42432,1.49005,0.61173,0.00355,0,0.000510184,0.000510184,0.000510184
151,375.217,0.41186,0.54904,0.40521,0.00232,0.188,0.89319,0.87338,0.94693,0.86649,0.8883,0.86862,0.94094,0.85882,0.46297,1.51472,0.60061,0.00381,0,0.000505,0.000505,0.000505
152,377.589,0.39896,0.51639,0.40157,0.00228,0.14835,0.90863,0.87928,0.9476,0.87441,0.90341,0.87452,0.94153,0.86073,0.42176,1.51269,0.57623,0.0035,0,0.000499816,0.000499816,0.000499816
153,379.917,0.37866,0.56673,0.36112,0.00203,0.1416,0.87184,0.87688,0.94481,0.87884,0.8668,0.87212,0.93819,0.86431,0.41565,1.44,0.53219,0.00356,0,0.000494634,0.000494634,0.000494634
154,382.249,0.4068,0.54428,0.38002,0.00237,0.1762,0.90124,0.83459,0.94696,0.88025,0.89518,0.83016,0.93985,0.86743,0.42502,1.27664,0.54036,0.00354,0,0.000489452,0.000489452,0.000489452
155,384.566,0.40954,0.59683,0.39486,0.00247,0.17563,0.92886,0.82789,0.94659,0.8723,0.92246,0.82363,0.93947,0.86995,0.43448,1.24004,0.51657,0.00357,0,0.000484272,0.000484272,0.000484272
156,386.941,0.3969,0.5567,0.35509,0.00231,0.14227,0.86829,0.89975,0.95295,0.88514,0.86829,0.89975,0.95295,0.875,0.40168,1.21705,0.50315,0.00336,0,0.000479094,0.000479094,0.000479094
157,389.262,0.39432,0.60677,0.38343,0.00229,0.14785,0.92416,0.86843,0.95733,0.89611,0.91954,0.86399,0.95028,0.86865,0.39163,1.20808,0.49309,0.00328,0,0.000473919,0.000473919,0.000473919
158,391.619,0.45322,0.65416,0.4436,0.0027,0.22793,0.88993,0.8864,0.95466,0.88154,0.88519,0.88188,0.94753,0.86783,0.42665,1.23678,0.53316,0.00363,0,0.000468747,0.000468747,0.000468747
159,394.015,0.39708,0.61106,0.35876,0.00236,0.18978,0.88613,0.89098,0.94818,0.88794,0.88113,0.88652,0.94086,0.86248,0.39501,1.21325,0.55655,0.00331,0,0.000463579,0.000463579,0.000463579
160,396.331,0.42641,0.61745,0.38902,0.00254,0.19458,0.86384,0.8842,0.94293,0.88654,0.85877,0.87944,0.93589,0.85184,0.36665,1.18687,0.58393,0.00301,0,0.000458416,0.000458416,0.000458416
161,398.664,0.3647,0.56609,0.36953,0.00192,0.14973,0.9021,0.85579,0.93817,0.8782,0.89576,0.85119,0.93136,0.85005,0.37901,1.19886,0.60189,0.00312,0,0.000453258,0.000453258,0.000453258
162,401.018,0.37554,0.61035,0.38277,0.00218,0.16476,0.8974,0.86358,0.93663,0.87458,0.89138,0.85895,0.92942,0.8482,0.37982,1.18654,0.58701,0.0032,0,0.000448106,0.000448106,0.000448106
163,403.417,0.40466,0.59945,0.38568,0.00226,0.18104,0.91227,0.86705,0.94726,0.88492,0.90702,0.86251,0.94016,0.85699,0.38366,1.18916,0.53238,0.00321,0,0.00044296,0.00044296,0.00044296
164,405.767,0.39999,0.60424,0.38933,0.00242,0.14311,0.88655,0.8923,0.9466,0.88728,0.88111,0.88785,0.93975,0.85426,0.36676,1.19565,0.49371,0.00302,0,0.000437821,0.000437821,0.000437821
165,408.104,0.39984,0.53693,0.38797,0.00224,0.17262,0.88533,0.8909,0.94743,0.89222,0.88026,0.88651,0.94277,0.85483,0.35045,1.1616,0.50491,0.00294,0,0.000432689,0.000432689,0.000432689
166,410.478,0.38363,0.57187,0.37319,0.00206,0.1471,0.90826,0.86498,0.94886,0.87815,0.9027,0.86022,0.94209,0.85505,0.40894,1.10168,0.51679,0.0034,0,0.000427565,0.000427565,0.000427565
167,412.893,0.3477,0.51598,0.34608,0.00206,0.14877,0.90304,0.86049,0.95559,0.88993,0.90304,0.86049,0.95559,0.86479,0.4004,1.13311,0.55353,0.00328,0,0.000422449,0.000422449,0.000422449
168,415.215,0.35055,0.4997,0.37969,0.00214,0.16621,0.90986,0.88053,0.95814,0.90639,0.90429,0.87577,0.95032,0.87311,0.35221,1.14802,0.5411,0.00293,0,0.000417343,0.000417343,0.000417343
169,417.564,0.38191,0.51782,0.38109,0.00222,0.14006,0.8953,0.86584,0.95733,0.89544,0.8953,0.86584,0.95733,0.8735,0.39976,1.23319,0.51945,0.00339,0,0.000412246,0.000412246,0.000412246
170,419.958,0.43267,0.64462,0.37944,0.00259,0.17383,0.87377,0.87151,0.94863,0.85932,0.8695,0.86675,0.94263,0.86318,0.4961,1.1456,0.55753,0.00422,0,0.00040716,0.00040716,0.00040716
171,422.288,0.41725,0.56633,0.36546,0.00242,0.1446,0.867,0.8698,0.94444,0.8858,0.867,0.8698,0.94444,0.86423,0.38768,0.95008,0.56609,0.00332,0,0.000402084,0.000402084,0.000402084
172,424.609,0.40824,0.57833,0.37058,0.00241,0.1617,0.85372,0.87961,0.93985,0.88493,0.85372,0.87961,0.93985,0.86788,0.36481,0.86049,0.56956,0.00301,0,0.000397019,0.000397019,0.000397019
173,426.945,0.40495,0.5941,0.37595,0.0023,0.15282,0.877,0.84716,0.9425,0.88791,0.877,0.84716,0.9425,0.86894,0.3695,0.81861,0.55953,0.00305,0,0.000391966,0.000391966,0.000391966
174,429.343,0.40138,0.5813,0.37254,0.00231,0.17615,0.85952,0.88012,0.94029,0.89234,0.85952,0.88012,0.94029,0.86238,0.35639,0.80194,0.56473,0.00294,0,0.000386926,0.000386926,0.000386926
175,431.672,0.38141,0.5464,0.37634,0.00215,0.1781,0.86504,0.88234,0.94236,0.89334,0.86504,0.88234,0.94236,0.86162,0.36281,0.78372,0.57415,0.00305,0,0.000381899,0.000381899,0.000381899
176,434.055,0.4021,0.52046,0.38124,0.00221,0.17024,0.8958,0.86498,0.95038,0.88876,0.8958,0.86498,0.95038,0.86836,0.39634,0.84802,0.54325,0.00331,0,0.000376885,0.000376885,0.000376885
177,436.564,0.37709,0.53858,0.3301,0.0021,0.16391,0.90991,0.86058,0.95247,0.89712,0.90991,0.86058,0.95247,0.87165,0.3844,0.81937,0.50392,0.00317,0,0.000371885,0.000371885,0.000371885
178,438.998,0.38607,0.53822,0.37034,0.00239,0.17459,0.94183,0.82369,0.95336,0.89891,0.94183,0.82369,0.95336,0.87563,0.37219,0.86789,0.49418,0.00304,0,0.000366899,0.000366899,0.000366899
179,441.393,0.39088,0.54207,0.38168,0.00219,0.15866,0.91988,0.83913,0.9475,0.8885,0.91988,0.83913,0.9475,0.87269,0.36033,0.86447,0.47826,0.00295,0,0.000361929,0.000361929,0.000361929
180,443.782,0.40292,0.52606,0.35447,0.00239,0.14521,0.886,0.88734,0.94702,0.88758,0.886,0.88734,0.94602,0.87422,0.38371,0.91961,0.48288,0.00318,0,0.000356975,0.000356975,0.000356975
181,446.169,0.37889,0.48795,0.34978,0.00221,0.15671,0.89464,0.87947,0.94163,0.89078,0.89464,0.87947,0.94068,0.85886,0.38385,1.02822,0.4998,0.00318,0,0.000352037,0.000352037,0.000352037
182,448.496,0.35342,0.5259,0.35185,0.00212,0.13334,0.89058,0.86773,0.94769,0.89249,0.89058,0.86773,0.94683,0.86708,0.37797,1.12108,0.50405,0.00317,0,0.000347115,0.000347115,0.000347115
183,450.816,0.37008,0.53788,0.34354,0.00211,0.15769,0.8872,0.89303,0.95302,0.89631,0.8872,0.89303,0.95302,0.87531,0.38587,1.08772,0.4844,0.00323,0,0.000342211,0.000342211,0.000342211
184,453.192,0.35171,0.49861,0.34492,0.00198,0.15108,0.85198,0.91895,0.95139,0.89305,0.85198,0.91895,0.95139,0.86209,0.37693,0.97945,0.48121,0.0032,0,0.000337325,0.000337325,0.000337325
185,455.598,0.33869,0.46841,0.32552,0.00173,0.12053,0.90077,0.85116,0.94666,0.88974,0.89927,0.85177,0.94587,0.86307,0.3795,0.89924,0.49277,0.00323,0,0.000332457,0.000332457,0.000332457
186,458.051,0.36852,0.48724,0.3642,0.00214,0.15469,0.90773,0.87076,0.95304,0.8936,0.90773,0.87076,0.95304,0.87846,0.38074,0.76851,0.47258,0.00315,0,0.000327608,0.000327608,0.000327608
187,460.446,0.36835,0.55616,0.34332,0.00209,0.15205,0.87215,0.88899,0.95131,0.89712,0.87215,0.88899,0.95131,0.87525,0.34695,0.72907,0.47845,0.0028,0,0.000322778,0.000322778,0.000322778
188,462.821,0.36244,0.51488,0.33222,0.00204,0.14959,0.86314,0.87492,0.9511,0.90413,0.86314,0.87492,0.9511,0.87128,0.3415,0.72339,0.47936,0.00276,0,0.000317969,0.000317969,0.000317969
189,465.133,0.39647,0.59596,0.3641,0.00216,0.16982,0.89486,0.85355,0.95134,0.8941,0.89486,0.85355,0.95134,0.87469,0.36059,0.8774,0.50654,0.00289,0,0.00031318,0.00031318,0.00031318
190,467.458,0.34319,0.47279,0.29631,0.00201,0.11532,0.88598,0.88963,0.95558,0.90102,0.88598,0.88963,0.95558,0.87634,0.35187,0.83772,0.49945,0.00289,0,0.000308412,0.000308412,0.000308412
191,469.912,0.36357,0.60084,0.3335,0.00208,0.13731,0.88223,0.88251,0.95396,0.9011,0.88223,0.88251,0.95396,0.86829,0.35437,0.78871,0.50672,0.00294,0,0.000303665,0.000303665,0.000303665
192,472.3,0.35889,0.50552,0.33412,0.00201,0.13804,0.88145,0.8786,0.95018,0.89139,0.88145,0.8786,0.95018,0.87086,0.37543,0.77098,0.50469,0.00311,0,0.000298941,0.000298941,0.000298941
193,474.695,0.37106,0.50956,0.34357,0.00204,0.16787,0.92279,0.87351,0.95585,0.89228,0.92279,0.87351,0.95585,0.87586,0.36832,0.76594,0.47276,0.003,0,0.000294239,0.000294239,0.000294239
194,477.044,0.3809,0.5227,0.3297,0.0021,0.17986,0.89935,0.88422,0.95534,0.90712,0.89935,0.88422,0.95534,0.87728,0.31865,0.82149,0.39346,0.0026,0,0.000289561,0.000289561,0.000289561
195,479.468,0.38444,0.61712,0.35081,0.0024,0.13707,0.85746,0.93592,0.95952,0.90748,0.85746,0.93592,0.95952,0.88297,0.35253,0.89302,0.36143,0.00291,0,0.000284906,0.000284906,0.000284906
196,481.808,0.36204,0.50052,0.35719,0.00198,0.14009,0.84993,0.94601,0.96127,0.89982,0.84993,0.94601,0.96127,0.88304,0.39216,0.97189,0.36183,0.0033,0,0.000280275,0.000280275,0.000280275
197,484.127,0.35792,0.56264,0.31804,0.00214,0.13559,0.83785,0.95483,0.95799,0.9004,0.83785,0.95483,0.95799,0.87428,0.37726,0.97957,0.34129,0.00321,0,0.000275668,0.000275668,0.000275668
198,486.481,0.36398,0.57331,0.34255,0.00211,0.13184,0.84849,0.93876,0.95586,0.90034,0.84849,0.93876,0.95586,0.87013,0.36977,0.91718,0.33048,0.00309,0,0.000271087,0.000271087,0.000271087
199,488.922,0.33758,0.50439,0.33142,0.00194,0.14835,0.85575,0.92469,0.95741,0.90473,0.85575,0.92469,0.95741,0.8718,0.37745,0.84371,0.32857,0.00316,0,0.000266532,0.000266532,0.000266532
200,491.261,0.34315,0.51482,0.31001,0.00194,0.13383,0.86385,0.91111,0.95263,0.90717,0.86385,0.91111,0.95263,0.86988,0.37527,0.83464,0.33204,0.00317,0,0.000262003,0.000262003,0.000262003
201,493.589,0.35045,0.53414,0.3194,0.00208,0.1103,0.8785,0.89692,0.95068,0.89951,0.8785,0.89692,0.95068,0.86432,0.37898,0.87862,0.33534,0.00317,0,0.0002575,0.0002575,0.0002575
202,495.997,0.36004,0.52265,0.30508,0.00205,0.13236,0.83896,0.9038,0.94703,0.90164,0.83896,0.9038,0.94703,0.8589,0.34353,1.0305,0.38001,0.00283,0,0.000253024,0.000253024,0.000253024
203,498.319,0.36701,0.59294,0.34924,0.0021,0.16125,0.85176,0.89031,0.94297,0.89326,0.85176,0.89031,0.94297,0.85033,0.35648,1.19931,0.40345,0.00297,0,0.000248577,0.000248577,0.000248577
204,500.659,0.35921,0.53372,0.33848,0.00196,0.16811,0.85696,0.89798,0.93812,0.88664,0.85696,0.89798,0.93812,0.84597,0.37667,1.38048,0.44655,0.00319,0,0.000244157,0.000244157,0.000244157
205,502.994,0.35728,0.54638,0.36418,0.00201,0.16713,0.84485,0.88352,0.93907,0.88506,0.84485,0.88352,0.93907,0.8527,0.37676,1.44178,0.46279,0.00321,0,0.000239766,0.000239766,0.000239766
206,505.425,0.37822,0.53606,0.33692,0.00225,0.15508,0.84343,0.91324,0.94393,0.88863,0.84343,0.91324,0.94393,0.85835,0.37819,1.50083,0.47497,0.00314,0,0.000235404,0.000235404,0.000235404
207,507.74,0.36362,0.54636,0.34366,0.002,0.12756,0.84243,0.91754,0.94769,0.89268,0.83798,0.91304,0.94677,0.85956,0.36957,1.59012,0.47107,0.00306,0,0.000231071,0.000231071,0.000231071
208,510.079,0.33227,0.50119,0.31119,0.00194,0.15419,0.90241,0.86496,0.94416,0.89184,0.89779,0.8602,0.94342,0.85338,0.36376,1.7025,0.47412,0.00308,0,0.000226769,0.000226769,0.000226769
209,512.453,0.36624,0.48942,0.30447,0.00209,0.14502,0.88856,0.88244,0.94652,0.89013,0.88856,0.88244,0.94652,0.85431,0.36927,1.73338,0.48083,0.00313,0,0.000222497,0.000222497,0.000222497
210,514.798,0.36342,0.53726,0.33199,0.0021,0.14111,0.8874,0.89095,0.95327,0.89401,0.8874,0.89095,0.95327,0.85893,0.38235,1.7571,0.48925,0.00322,0,0.000218256,0.000218256,0.000218256
211,517.162,0.34393,0.51423,0.32888,0.00184,0.16851,0.88917,0.90423,0.95466,0.88829,0.88917,0.90423,0.95466,0.85901,0.39956,1.75567,0.49736,0.00337,0,0.000214046,0.000214046,0.000214046
212,519.505,0.36039,0.54617,0.31938,0.00207,0.14842,0.94367,0.87307,0.95752,0.89951,0.94367,0.87307,0.95752,0.86397,0.38664,1.67796,0.48152,0.00323,0,0.000209869,0.000209869,0.000209869
213,521.914,0.38093,0.55137,0.32342,0.00213,0.16287,0.89805,0.92401,0.96164,0.9154,0.89805,0.92401,0.96164,0.87369,0.35876,1.56724,0.46329,0.00302,0,0.000205723,0.000205723,0.000205723
214,524.323,0.36577,0.53663,0.33247,0.00201,0.15735,0.91975,0.9175,0.96162,0.91527,0.91975,0.9175,0.96162,0.87139,0.35609,1.40156,0.44098,0.00299,0,0.000201611,0.000201611,0.000201611
215,526.72,0.32009,0.49292,0.31133,0.00192,0.12895,0.91561,0.91076,0.95816,0.90936,0.91561,0.91076,0.95816,0.87412,0.34992,1.31339,0.44464,0.00287,0,0.000197532,0.000197532,0.000197532
216,529.163,0.35541,0.52564,0.32583,0.002,0.14445,0.91791,0.90631,0.95807,0.90688,0.91791,0.90631,0.95807,0.87267,0.34706,1.28537,0.45715,0.00283,0,0.000193486,0.000193486,0.000193486
217,531.558,0.34811,0.47603,0.32367,0.00204,0.15238,0.90851,0.9034,0.95739,0.90666,0.90851,0.9034,0.95739,0.87333,0.3441,1.23164,0.47024,0.00279,0,0.000189475,0.000189475,0.000189475
218,533.962,0.32718,0.47815,0.29266,0.00175,0.11693,0.9166,0.8826,0.95695,0.90127,0.9166,0.8826,0.95695,0.87568,0.36836,1.20934,0.47426,0.00308,0,0.000185498,0.000185498,0.000185498
219,536.349,0.35649,0.57498,0.33496,0.00195,0.12216,0.90689,0.87178,0.95302,0.90052,0.90689,0.87178,0.95302,0.87456,0.36917,1.19851,0.47305,0.0031,0,0.000181557,0.000181557,0.000181557
220,538.801,0.34945,0.50599,0.31137,0.00195,0.11995,0.89309,0.87015,0.94283,0.88981,0.89309,0.87015,0.94283,0.85999,0.35743,1.20112,0.49395,0.00298,0,0.000177651,0.000177651,0.000177651
221,541.198,0.35972,0.53328,0.34107,0.00199,0.1396,0.89211,0.87573,0.93655,0.88692,0.89211,0.87573,0.93655,0.85775,0.34298,1.12201,0.50292,0.00284,0,0.00017378,0.00017378,0.00017378
222,543.612,0.34551,0.55553,0.33805,0.00191,0.14606,0.89375,0.88489,0.94088,0.88427,0.88849,0.8802,0.93795,0.85731,0.36152,1.15075,0.51909,0.003,0,0.000169946,0.000169946,0.000169946
223,546.051,0.35076,0.53775,0.33925,0.00211,0.15451,0.88848,0.88704,0.94306,0.87851,0.88374,0.88228,0.94013,0.86238,0.39111,1.18633,0.5265,0.00326,0,0.000166149,0.000166149,0.000166149
224,548.445,0.33104,0.48772,0.29593,0.00192,0.10398,0.86451,0.91469,0.93861,0.87894,0.86005,0.90993,0.93529,0.85408,0.3824,1.17574,0.50662,0.0032,0,0.000162389,0.000162389,0.000162389
225,550.825,0.34098,0.51973,0.31411,0.00194,0.15176,0.86822,0.91961,0.93687,0.88014,0.86376,0.91485,0.93381,0.84345,0.35902,1.25452,0.50756,0.003,0,0.000158667,0.000158667,0.000158667
226,553.224,0.31648,0.45364,0.26869,0.00186,0.12048,0.88511,0.91554,0.93639,0.8795,0.88066,0.91078,0.93103,0.84653,0.36395,1.27257,0.50786,0.00299,0,0.000154982,0.000154982,0.000154982
227,555.684,0.35252,0.51424,0.3132,0.0021,0.14035,0.87518,0.92895,0.94257,0.88896,0.86969,0.92457,0.9379,0.85334,0.37437,1.32441,0.51534,0.00312,0,0.000151336,0.000151336,0.000151336
228,558.063,0.34339,0.49332,0.32092,0.00198,0.13068,0.8736,0.91755,0.94224,0.88391,0.8736,0.91755,0.94224,0.85303,0.37817,1.36581,0.53051,0.00321,0,0.000147729,0.000147729,0.000147729
229,560.505,0.36205,0.5011,0.29793,0.0022,0.11204,0.89209,0.90879,0.946,0.88673,0.89209,0.90879,0.946,0.85672,0.37367,1.37282,0.55096,0.00316,0,0.000144161,0.000144161,0.000144161
230,562.952,0.33549,0.54437,0.31121,0.00196,0.15535,0.89376,0.91398,0.94878,0.89926,0.89376,0.91398,0.94878,0.86055,0.33983,1.27415,0.52454,0.00285,0,0.000140632,0.000140632,0.000140632
231,565.479,0.35212,0.50757,0.29753,0.00203,0.12111,0.87839,0.92158,0.95167,0.9069,0.87839,0.92158,0.95167,0.86387,0.32066,1.24793,0.49498,0.00265,0,0.000137143,0.000137143,0.000137143
232,567.908,0.33004,0.50869,0.30675,0.00212,0.11828,0.87746,0.93238,0.95332,0.90517,0.87746,0.93238,0.95332,0.86557,0.33181,1.22022,0.46989,0.00271,0,0.000133695,0.000133695,0.000133695
233,570.312,0.35507,0.58371,0.3334,0.00196,0.14565,0.8658,0.94047,0.9545,0.90075,0.8658,0.94047,0.9545,0.87548,0.35078,1.21395,0.45105,0.00291,0,0.000130287,0.000130287,0.000130287
234,572.799,0.31076,0.43962,0.26448,0.00178,0.09956,0.90169,0.89358,0.95387,0.89787,0.90169,0.89358,0.95387,0.87215,0.37518,1.20761,0.45075,0.00323,0,0.000126921,0.000126921,0.000126921
235,575.235,0.31897,0.44372,0.30947,0.00162,0.11111,0.90096,0.89358,0.95291,0.90082,0.90096,0.89358,0.95291,0.87047,0.38118,1.23829,0.46334,0.00329,0,0.000123596,0.000123596,0.000123596
236,577.639,0.32265,0.45152,0.31027,0.00172,0.13273,0.90194,0.89421,0.95613,0.90652,0.90194,0.89421,0.95613,0.87767,0.37442,1.23949,0.46679,0.00319,0,0.000120313,0.000120313,0.000120313
237,580.038,0.32755,0.45476,0.28896,0.00177,0.1233,0.90274,0.89159,0.95581,0.90366,0.90274,0.89159,0.95581,0.8792,0.35706,1.28559,0.4687,0.00305,0,0.000117072,0.000117072,0.000117072
238,582.532,0.33251,0.49183,0.30109,0.00181,0.10432,0.86766,0.91984,0.95631,0.89962,0.86766,0.91984,0.95631,0.87915,0.36114,1.26964,0.47895,0.00298,0,0.000113873,0.000113873,0.000113873
239,584.946,0.32921,0.5143,0.30292,0.00192,0.14239,0.89168,0.89526,0.95514,0.89703,0.89168,0.89526,0.95514,0.8782,0.36364,1.2171,0.47184,0.00297,0,0.000110718,0.000110718,0.000110718
240,587.349,0.37664,0.56394,0.34247,0.0021,0.18385,0.90086,0.89481,0.95709,0.90229,0.90086,0.89481,0.95709,0.87942,0.36006,1.19199,0.47231,0.00294,0,0.000107605,0.000107605,0.000107605
241,589.841,0.35124,0.53176,0.34135,0.00208,0.14656,0.88054,0.91472,0.95534,0.89654,0.88054,0.91472,0.95534,0.87949,0.35173,1.18081,0.48125,0.00291,0,0.000104537,0.000104537,0.000104537
242,592.293,0.32944,0.53707,0.30123,0.00209,0.12484,0.88041,0.91832,0.95486,0.9029,0.88041,0.91832,0.95486,0.87615,0.35752,1.19182,0.50453,0.00301,0,0.000101512,0.000101512,0.000101512
243,594.72,0.34632,0.50372,0.32741,0.00187,0.15685,0.88587,0.91678,0.95348,0.90415,0.88587,0.91678,0.95348,0.87679,0.35535,1.17093,0.50916,0.00303,0,9.85311e-05,9.85311e-05,9.85311e-05
244,597.132,0.32102,0.46852,0.29481,0.00179,0.11532,0.88867,0.90453,0.95319,0.90741,0.88867,0.90453,0.95319,0.87735,0.34978,1.17781,0.51289,0.00296,0,9.55951e-05,9.55951e-05,9.55951e-05
245,599.602,0.34891,0.47432,0.29324,0.00182,0.12788,0.89814,0.90176,0.95374,0.9061,0.89814,0.90176,0.95374,0.88024,0.34574,1.14814,0.51685,0.0029,0,9.2704e-05,9.2704e-05,9.2704e-05
246,602.013,0.3372,0.47479,0.29289,0.00181,0.12645,0.90072,0.90139,0.95466,0.89812,0.90072,0.90139,0.95466,0.88153,0.35172,1.12398,0.52,0.00288,0,8.98581e-05,8.98581e-05,8.98581e-05
247,604.407,0.32398,0.45021,0.28776,0.00178,0.09982,0.89467,0.91085,0.9549,0.90313,0.89467,0.91085,0.9549,0.87805,0.35392,1.18681,0.52073,0.0029,0,8.70577e-05,8.70577e-05,8.70577e-05
248,606.888,0.32929,0.45773,0.31582,0.00179,0.13992,0.89269,0.91058,0.95497,0.89996,0.89269,0.91058,0.95497,0.87358,0.36167,1.17926,0.50782,0.00298,0,8.43031e-05,8.43031e-05,8.43031e-05
249,609.32,0.32931,0.48059,0.31712,0.0019,0.14719,0.8971,0.90934,0.95471,0.90647,0.8971,0.90934,0.95471,0.87382,0.35214,1.23355,0.52476,0.00292,0,8.15947e-05,8.15947e-05,8.15947e-05
250,611.752,0.34649,0.48443,0.32571,0.00177,0.16641,0.88661,0.91752,0.95723,0.90622,0.88661,0.91752,0.95723,0.875,0.35355,1.22077,0.51459,0.00297,0,7.89327e-05,7.89327e-05,7.89327e-05
251,614.932,0.25433,0.37561,0.21188,0.00166,0.06293,0.88517,0.91965,0.96095,0.90589,0.88517,0.91965,0.96095,0.88041,0.35562,1.16121,0.50147,0.00303,0,7.63174e-05,7.63174e-05,7.63174e-05
252,617.352,0.27566,0.42983,0.22926,0.00186,0.06679,0.94884,0.84805,0.96237,0.90704,0.94884,0.84805,0.96237,0.88072,0.36005,1.13412,0.48114,0.00308,0,7.37492e-05,7.37492e-05,7.37492e-05
253,619.653,0.25992,0.4114,0.21843,0.00177,0.06604,0.94667,0.84597,0.96152,0.90452,0.94667,0.84597,0.96152,0.88131,0.35635,1.10266,0.47245,0.00302,0,7.12282e-05,7.12282e-05,7.12282e-05
254,621.907,0.25646,0.40294,0.21599,0.00157,0.06373,0.94348,0.85325,0.96214,0.90864,0.94348,0.85325,0.96214,0.87913,0.35022,1.06616,0.44657,0.00288,0,6.87548e-05,6.87548e-05,6.87548e-05
255,624.25,0.25624,0.40607,0.20619,0.00164,0.06233,0.94917,0.84507,0.96199,0.90399,0.94917,0.84507,0.96199,0.87798,0.35205,1.02013,0.4389,0.00287,0,6.63292e-05,6.63292e-05,6.63292e-05
256,626.536,0.25687,0.40665,0.21858,0.00167,0.0641,0.89512,0.89469,0.9627,0.90596,0.89512,0.89469,0.9627,0.87978,0.35454,1.0283,0.44268,0.00291,0,6.39518e-05,6.39518e-05,6.39518e-05
257,628.834,0.25188,0.40424,0.21221,0.00166,0.06371,0.89302,0.90803,0.96359,0.90742,0.89302,0.90803,0.96359,0.88184,0.35764,1.00751,0.43411,0.00294,0,6.16227e-05,6.16227e-05,6.16227e-05
258,631.15,0.26092,0.452,0.20381,0.00176,0.06637,0.86568,0.91991,0.96586,0.91084,0.86568,0.91991,0.96586,0.88221,0.35252,1.00137,0.43237,0.00293,0,5.93422e-05,5.93422e-05,5.93422e-05
259,633.499,0.25122,0.3974,0.20844,0.00158,0.05971,0.86701,0.9111,0.96636,0.91406,0.86701,0.9111,0.96636,0.8795,0.34561,0.97811,0.43395,0.00293,0,5.71106e-05,5.71106e-05,5.71106e-05
260,635.759,0.25708,0.3897,0.22031,0.00176,0.06267,0.9066,0.86514,0.96468,0.91212,0.9066,0.86514,0.96468,0.87844,0.34577,0.92284,0.42548,0.0029,0,5.49281e-05,5.49281e-05,5.49281e-05
261,638.006,0.26336,0.41087,0.21062,0.00167,0.06743,0.84466,0.92536,0.96371,0.91134,0.84466,0.92536,0.96371,0.87875,0.34373,0.97493,0.43602,0.00288,0,5.2795e-05,5.2795e-05,5.2795e-05
262,640.265,0.26443,0.39712,0.20471,0.00177,0.06535,0.90682,0.85266,0.9629,0.90717,0.90682,0.85266,0.9629,0.88034,0.35318,0.96401,0.43824,0.00291,0,5.07115e-05,5.07115e-05,5.07115e-05
263,642.564,0.24941,0.38652,0.22273,0.00158,0.07399,0.8549,0.9037,0.96211,0.90483,0.8549,0.9037,0.96211,0.88008,0.35455,0.96366,0.44713,0.00294,0,4.86777e-05,4.86777e-05,4.86777e-05
264,644.915,0.25059,0.39375,0.20284,0.00162,0.06237,0.86576,0.90118,0.96221,0.90713,0.86576,0.90118,0.96221,0.87862,0.35644,0.98933,0.44695,0.00294,0,4.66941e-05,4.66941e-05,4.66941e-05
265,647.222,0.26053,0.4112,0.20487,0.00185,0.06225,0.89742,0.8582,0.96368,0.91269,0.89742,0.8582,0.96368,0.87933,0.35502,0.96944,0.43377,0.00293,0,4.47606e-05,4.47606e-05,4.47606e-05
266,649.612,0.2489,0.38511,0.22025,0.00163,0.05956,0.90019,0.85799,0.96369,0.91228,0.90019,0.85799,0.96369,0.88066,0.34921,0.98636,0.43987,0.00292,0,4.28777e-05,4.28777e-05,4.28777e-05
267,651.891,0.24419,0.38412,0.21014,0.00158,0.05991,0.91023,0.85655,0.96366,0.91241,0.91023,0.85655,0.96366,0.87868,0.35205,0.98187,0.44081,0.00295,0,4.10454e-05,4.10454e-05,4.10454e-05
268,654.141,0.24221,0.37479,0.19979,0.00157,0.05823,0.9118,0.849,0.96388,0.91029,0.9118,0.849,0.96388,0.88124,0.35036,1.01349,0.44187,0.00294,0,3.9264e-05,3.9264e-05,3.9264e-05
269,656.398,0.26438,0.41276,0.21889,0.00162,0.06695,0.91026,0.85654,0.96469,0.91363,0.91026,0.85654,0.96469,0.88505,0.34897,1.0208,0.43868,0.00294,0,3.75337e-05,3.75337e-05,3.75337e-05
270,658.739,0.24723,0.37902,0.21565,0.00164,0.06341,0.8796,0.88723,0.96442,0.91205,0.8796,0.88723,0.96442,0.88366,0.34505,1.00187,0.44513,0.0029,0,3.58546e-05,3.58546e-05,3.58546e-05
271,660.976,0.25591,0.4101,0.20159,0.00163,0.068,0.88025,0.89472,0.96549,0.91027,0.88025,0.89472,0.96549,0.88577,0.35177,0.97815,0.43979,0.00294,0,3.4227e-05,3.4227e-05,3.4227e-05
272,663.309,0.25043,0.39557,0.20269,0.00159,0.06072,0.8901,0.902,0.96477,0.90924,0.8901,0.902,0.96477,0.88615,0.35362,0.97529,0.4363,0.00295,0,3.2651e-05,3.2651e-05,3.2651e-05
273,665.582,0.25215,0.41381,0.20934,0.00161,0.06068,0.87965,0.89245,0.9653,0.9088,0.87965,0.89245,0.9653,0.88534,0.35378,0.96106,0.43614,0.00296,0,3.11268e-05,3.11268e-05,3.11268e-05
274,667.832,0.26279,0.39558,0.22082,0.00175,0.06252,0.88187,0.88968,0.96317,0.91119,0.88187,0.88968,0.96317,0.88124,0.35251,0.98152,0.44115,0.00291,0,2.96546e-05,2.96546e-05,2.96546e-05
275,670.075,0.25732,0.4179,0.20889,0.00167,0.0612,0.88511,0.88383,0.96322,0.91149,0.88511,0.88383,0.96322,0.88279,0.34695,1.00228,0.44131,0.00287,0,2.82345e-05,2.82345e-05,2.82345e-05
276,672.366,0.24728,0.40365,0.19802,0.00155,0.0618,0.89016,0.88316,0.96164,0.90946,0.89016,0.88316,0.96164,0.88081,0.34572,1.00694,0.44151,0.00286,0,2.68667e-05,2.68667e-05,2.68667e-05
277,674.716,0.24529,0.38403,0.2175,0.0016,0.06227,0.89379,0.88116,0.96234,0.91167,0.89379,0.88116,0.96234,0.88143,0.3435,1.00575,0.44392,0.00285,0,2.55513e-05,2.55513e-05,2.55513e-05
278,676.984,0.2501,0.4015,0.20733,0.00158,0.06394,0.8977,0.8718,0.9622,0.9117,0.8977,0.8718,0.9622,0.88198,0.34476,1.02479,0.4395,0.00286,0,2.42885e-05,2.42885e-05,2.42885e-05
279,679.225,0.25263,0.40246,0.20658,0.00161,0.06417,0.88716,0.88045,0.96222,0.91005,0.88716,0.88045,0.96222,0.88194,0.34523,1.01884,0.43981,0.00286,0,2.30784e-05,2.30784e-05,2.30784e-05
280,681.46,0.24752,0.40999,0.19866,0.00166,0.06269,0.89374,0.87723,0.96211,0.91195,0.89374,0.87723,0.96211,0.88163,0.34625,0.9572,0.43023,0.00287,0,2.19212e-05,2.19212e-05,2.19212e-05
281,683.759,0.25681,0.3857,0.20683,0.00165,0.05812,0.89579,0.88167,0.96372,0.91271,0.89579,0.88167,0.96372,0.88162,0.34714,0.99532,0.43775,0.00289,0,2.08169e-05,2.08169e-05,2.08169e-05
282,686.019,0.25195,0.42502,0.22252,0.00173,0.06263,0.898,0.87436,0.96193,0.90935,0.898,0.87436,0.96193,0.88093,0.3501,0.99029,0.4412,0.00293,0,1.97658e-05,1.97658e-05,1.97658e-05
283,688.262,0.26489,0.41224,0.23003,0.00171,0.06212,0.90467,0.87396,0.96241,0.90983,0.90467,0.87396,0.96241,0.88265,0.3526,1.01998,0.44285,0.00296,0,1.87678e-05,1.87678e-05,1.87678e-05
284,690.55,0.24999,0.40213,0.21664,0.00159,0.0617,0.90416,0.87524,0.96341,0.90905,0.90416,0.87524,0.96341,0.88461,0.35277,1.01433,0.43792,0.00296,0,1.78232e-05,1.78232e-05,1.78232e-05
285,692.791,0.25954,0.41637,0.20138,0.00178,0.06238,0.90843,0.87631,0.96323,0.90739,0.90843,0.87631,0.96323,0.88266,0.3551,1.02804,0.4496,0.00298,0,1.6932e-05,1.6932e-05,1.6932e-05
286,695.072,0.24676,0.37523,0.19669,0.00154,0.06835,0.91143,0.8815,0.96547,0.90898,0.91143,0.8815,0.96547,0.88572,0.35451,1.00185,0.44445,0.00297,0,1.60943e-05,1.60943e-05,1.60943e-05
287,697.379,0.25414,0.40955,0.21968,0.00171,0.06364,0.90574,0.8759,0.96575,0.90896,0.90574,0.8759,0.96575,0.88556,0.35444,0.99502,0.44362,0.00295,0,1.53102e-05,1.53102e-05,1.53102e-05
288,699.641,0.25056,0.40957,0.21659,0.00164,0.07227,0.8978,0.8748,0.96396,0.90868,0.8978,0.8748,0.96396,0.88448,0.35243,0.94298,0.42906,0.00293,0,1.45798e-05,1.45798e-05,1.45798e-05
289,701.891,0.24766,0.38111,0.22377,0.00151,0.0604,0.90893,0.88293,0.96686,0.91163,0.90893,0.88293,0.96686,0.8874,0.35026,0.94744,0.43382,0.00291,0,1.39032e-05,1.39032e-05,1.39032e-05
290,704.15,0.25738,0.41748,0.21396,0.00171,0.06846,0.91438,0.88932,0.96708,0.91207,0.91438,0.88932,0.96708,0.88479,0.34441,0.98979,0.43967,0.00288,0,1.32805e-05,1.32805e-05,1.32805e-05
291,706.439,0.24972,0.39039,0.19033,0.00161,0.06267,0.91316,0.89018,0.96683,0.91222,0.91316,0.89018,0.96683,0.88672,0.34525,0.98679,0.44273,0.00287,0,1.27117e-05,1.27117e-05,1.27117e-05
292,708.676,0.25487,0.40398,0.18891,0.00163,0.06053,0.91198,0.88983,0.96696,0.91255,0.91198,0.88983,0.96696,0.88525,0.3445,1.00756,0.44229,0.00287,0,1.21968e-05,1.21968e-05,1.21968e-05
293,710.913,0.24665,0.39942,0.21798,0.00163,0.06865,0.91227,0.88337,0.96686,0.91398,0.91227,0.88337,0.96686,0.88521,0.34701,0.97726,0.43728,0.00288,0,1.1736e-05,1.1736e-05,1.1736e-05
294,713.204,0.2481,0.39491,0.20811,0.00161,0.06267,0.90832,0.87788,0.96596,0.91205,0.90832,0.87788,0.96596,0.88428,0.34714,0.99408,0.44595,0.00288,0,1.13293e-05,1.13293e-05,1.13293e-05
295,715.517,0.2481,0.39839,0.20288,0.00162,0.05964,0.91071,0.88279,0.96598,0.9126,0.91071,0.88279,0.96598,0.88791,0.34701,1.00191,0.44528,0.00289,0,1.09768e-05,1.09768e-05,1.09768e-05
296,717.791,0.24484,0.3757,0.20687,0.00162,0.06475,0.90957,0.88446,0.96545,0.91521,0.90957,0.88446,0.96545,0.88498,0.34306,0.98411,0.43707,0.00286,0,1.06784e-05,1.06784e-05,1.06784e-05
297,720.042,0.24644,0.37061,0.21617,0.00155,0.06507,0.90704,0.88634,0.96637,0.91552,0.90704,0.88634,0.96637,0.88701,0.34176,0.9841,0.4348,0.00286,0,1.04342e-05,1.04342e-05,1.04342e-05
298,722.375,0.24045,0.39061,0.20143,0.00158,0.06032,0.89768,0.88558,0.96606,0.91527,0.89768,0.88558,0.96606,0.88768,0.34141,0.98038,0.43225,0.00285,0,1.02443e-05,1.02443e-05,1.02443e-05
299,724.688,0.24311,0.37142,0.21019,0.00149,0.05946,0.90748,0.8765,0.96656,0.91761,0.90748,0.8765,0.96656,0.88708,0.3433,0.9581,0.42542,0.00284,0,1.01086e-05,1.01086e-05,1.01086e-05
300,726.959,0.25405,0.43812,0.21156,0.00165,0.06174,0.90634,0.87843,0.96667,0.91706,0.90634,0.87843,0.96667,0.88243,0.34375,0.99733,0.43277,0.00286,0,1.00271e-05,1.00271e-05,1.00271e-05
